{"_step":56,"loss":0.05183649808168411,"step":570,"lr":0.001,"_timestamp":1.761122323689511e+09,"_wandb":{"runtime":260},"_runtime":260}