{"loss":0.0019670347683131695,"step":1700,"lr":9.78974875e-05,"_timestamp":1.7612038091492531e+09,"_wandb":{"runtime":1877},"_runtime":1877,"_step":169}