{"step":80,"lr":0.001,"_timestamp":1.7611216806162627e+09,"_step":7,"loss":0.24035197496414185,"_wandb":{"runtime":19},"_runtime":19}