{"lr":0.001,"_timestamp":1.7611218990640273e+09,"_step":30,"loss":0.08484508097171783,"_wandb":{"runtime":105},"_runtime":105,"step":310}