{"step":20,"lr":0.0009997627374999998,"_timestamp":1.7612016729188595e+09,"_step":1,"_wandb":{"runtime":38},"_runtime":38,"loss":0.1013871356844902}