{"_runtime":3398,"step":25000,"_timestamp":1.7610806895296483e+09,"_step":2499,"loss":0.00021958336583338678,"_wandb":{"runtime":3398}}