{"_step":7,"acc":0.7232153295688811,"loss":0.229176476533832,"_timestamp":1.7610168944971871e+09,"_wandb":{"runtime":0},"_runtime":0}