{"_wandb":{"runtime":19},"_runtime":19,"step":80,"lr":0.001,"_timestamp":1.7611216806164703e+09,"_step":7,"loss":0.21886283159255981}