{"loss":0.4026448130607605,"step":20,"_wandb":{"runtime":18},"_runtime":18,"lr":0.0009997627374999998,"_timestamp":1.7611224758538105e+09,"_step":1}