{"_timestamp":1.7611225658937294e+09,"_step":1,"loss":0.4339401125907898,"step":20,"lr":0.0009997627374999998,"_wandb":{"runtime":26},"_runtime":26}