{"lr":0.0009997627374999998,"_timestamp":1.7611224758540752e+09,"_wandb":{"runtime":17},"_runtime":17,"_step":1,"loss":0.4477185010910034,"step":20}