{"_runtime":105,"_timestamp":1.7611218990651298e+09,"_step":30,"loss":0.07041767239570618,"step":310,"lr":0.001,"_wandb":{"runtime":105}}