{"_wandb":{"runtime":3398},"_runtime":3398,"loss":0.00021958336583338678,"step":25000,"_timestamp":1.7610806895293808e+09,"_step":2499}