{"lr":0.0009997627374999998,"_wandb":{"runtime":25},"_runtime":25,"_timestamp":1.7611225658926659e+09,"_step":1,"loss":0.45360779762268066,"step":20}