{"loss":0.059507086873054504,"step":570,"lr":0.001,"_timestamp":1.761122323689905e+09,"_wandb":{"runtime":260},"_runtime":260,"_step":56}